product_id,product_name,price,imgurl,sold,key1,key2,key3,key4,detail,guige ,yongfa,pizhun,leiid,rightname,leftname,fenlei_id,cart_num,shoucang,_openid
1,百多邦  莫匹罗星软膏2%*10g,26,cloud://huanjing1-4gxaab48492dde9e.6875-huanjing1-4gxaab48492dde9e-1305410126/商品图片/1.jpg,30,,,,,本品为局部外用抗生素，适用于革兰阳性球菌引起的皮肤感染，例如:脓疱病、疖肿、毛囊炎等原发性皮肤感染及湿疹合并感染、溃疡合并感染、创伤合并感染等继发性皮肤感染。,10g*1支/盒,本品应外用，局部涂于患处。必要时，患处可用敷料包扎或敷盖，每日3次，5天一疗程，必要时可重复一疗程。,,1,日晒伤,热门类目,a,1,0,ovbCA5URXmTiG0K9rEOJ8MrQASTI
2,匹得邦  莫匹罗星软膏2%*5g/支,9.9,cloud://huanjing1-4gxaab48492dde9e.6875-huanjing1-4gxaab48492dde9e-1305410126/商品图片/2.png,12,,,,,本品为局部外用抗生素，适用于革兰阳性球菌引起的皮肤感染，如脓皮病、毛囊炎、疖肿等原发性感染 ；对湿疹、皮炎、糜烂、溃疡继发感染可起到抗菌及制止原发病加重作用，有利于原发病治疗。有报告本品预防或治疗给药对降低皮肤外科手术后伤口化脓十分有效。,5g*1支/盒,外用，局部涂于患处，开放或封包均可。每日3次，5天为一疗程或遵医嘱，必要时可重复一疗程。,,1,日晒伤,热门类目,a,1,0,ovbCA5URXmTiG0K9rEOJ8MrQASTI
3,匹得邦  莫匹罗星软膏2%*10g/支,30,cloud://huanjing1-4gxaab48492dde9e.6875-huanjing1-4gxaab48492dde9e-1305410126/商品图片/3.jpg,53,,,,,本品为局部外用抗生素，适用于革兰阳性球菌引起的皮肤感染，如脓皮病、毛囊炎、疖肿等原发性感染 ；对湿疹、皮炎、糜烂、溃疡继发感染可起到抗菌及制止原发病加重作用，有利于原发病治疗。有报告本品预防或治疗给药对降低皮肤外科手术后伤口化脓十分有效。,10g*1支/盒,外用，局部涂于患处，开放或封包均可。每日3次，5天为一疗程或遵医嘱，必要时可重复一疗程。,,1,日晒伤,热门类目,a,1,0,ovbCA5URXmTiG0K9rEOJ8MrQASTI
4,鹏鹞  炉甘石洗剂100ml,7.8,cloud://huanjing1-4gxaab48492dde9e.6875-huanjing1-4gxaab48492dde9e-1305410126/商品图片/4.jpg,23,,,,,本品用于急性瘙痒性皮肤病，如荨麻疹和痱子。??,100ml/支 ??? ??,局部外用，用时摇匀，取适量涂于患处，每日2-3次。?? ? ? ? ?,,1,日晒伤,热门类目,a,1,0,ovbCA5URXmTiG0K9rEOJ8MrQASTI
5,星海  炉甘石洗剂100ml,7.5,cloud://huanjing1-4gxaab48492dde9e.6875-huanjing1-4gxaab48492dde9e-1305410126/商品图片/5.jpg,33,,,,,用于急性瘙痒性皮肤病，如荨麻疹和痱子。,100ml/瓶,局部外用，用时摇匀，取适量涂于患处，每日2-3次。,,1,日晒伤,热门类目,a,1,0,ovbCA5URXmTiG0K9rEOJ8MrQASTI
6,九芝堂六味地黄丸(浓缩丸)200丸/瓶,13.9,cloud://huanjing1-4gxaab48492dde9e.6875-huanjing1-4gxaab48492dde9e-1305410126/商品图片/6.jpg,12,,,,,滋阴补肾。用于肾阴亏损，头晕耳鸣，腰膝酸软，骨蒸潮热，盗汗遗精。,200丸/盒,口服，一次8丸，一日3次。,,2,多汗症,热门类目,a,1,0,ovbCA5URXmTiG0K9rEOJ8MrQASTI
7,开瑞坦氯雷他定片10mg*6片,23,cloud://huanjing1-4gxaab48492dde9e.6875-huanjing1-4gxaab48492dde9e-1305410126/商品图片/7.jpg,13,,,,,适用于缓解过敏性鼻炎有关的症状，如喷嚏、流涕及鼻痒以及眼部痒及烧灼感。口服药物后迅速缓解鼻和眼部症状及体征。 本品亦适用于减轻慢性荨麻疹及其它过敏性皮肤病的症状及体征。,6片/盒,"口服。 成人及12岁以上儿童：一日1次,一次1片（10mg）。 2-12岁儿童： 体重3O公斤：一日1次,一次1片（10mg）。 体重≤30公斤：一日1次,一次半片（5mg）。",,3,日光性皮炎,热门类目,a,1,0,ovbCA5URXmTiG0K9rEOJ8MrQASTI
8,白云山安神补脑液10ml*10支,16.6,cloud://huanjing1-4gxaab48492dde9e.6875-huanjing1-4gxaab48492dde9e-1305410126/商品图片/8.jpg,14,,,,,生精补髓，益气养血，强脑安神。用于肾精不足、气血两亏所致的头晕、乏力、健忘、失眠；神经衰弱症见上述证候者。,10ml*10支/盒,口服。一次10毫升（1支），一日2次。,,4,失眠,热门类目,a,1,0,ovbCA5URXmTiG0K9rEOJ8MrQASTI
9,派瑞松曲安奈德益康唑乳膏15g,23,cloud://huanjing1-4gxaab48492dde9e.6875-huanjing1-4gxaab48492dde9e-1305410126/商品图片/9.jpg,15,,,,,本品为皮肤科用药类非处方药药品。,15g*1支/盒,局部外用。取适量本品涂于患处，每日早晚各1次。治疗皮炎、湿疹时，疗程2-4周。治疗炎症性真菌性疾病应持续至炎症反应消退，疗程不超过4周。,,5,湿疹,热门类目,a,1,0,ovbCA5URXmTiG0K9rEOJ8MrQASTI
10,999皮炎平复方醋酸地塞米松乳膏20g,11.9,cloud://huanjing1-4gxaab48492dde9e.6875-huanjing1-4gxaab48492dde9e-1305410126/商品图片/10.jpg,16,,,,,主要用于局限性瘙痒症、神经性皮炎、接触性皮炎、脂溢性皮炎、慢性湿疹等。,20g*1支/盒,外用。一日1-2次，取少量涂于患处，并轻揉片刻。,,6,脚气,热门类目,a,1,0,ovbCA5URXmTiG0K9rEOJ8MrQASTI
11,白敬宇红霉素眼膏0.5%*2g,8,cloud://huanjing1-4gxaab48492dde9e.6875-huanjing1-4gxaab48492dde9e-1305410126/商品图片/11.jpg,17,,,,,,,,,7,结膜炎,热门类目,a,1,0,ovbCA5URXmTiG0K9rEOJ8MrQASTI
12,奇正 消痛贴膏 1g:2ml*1贴*2袋,30.1,cloud://huanjing1-4gxaab48492dde9e.6875-huanjing1-4gxaab48492dde9e-1305410126/商品图片/12.jpg,18,,,,,,,,,8,关节痛,热门类目,a,1,0,ovbCA5URXmTiG0K9rEOJ8MrQASTI
13,西可韦盐酸西替利嗪片10mg*6片*2板,7.5,cloud://huanjing1-4gxaab48492dde9e.6875-huanjing1-4gxaab48492dde9e-1305410126/商品图片/13.jpg,19,,,,,,,,,9,过敏性鼻炎,热门类目,a,1,0,ovbCA5URXmTiG0K9rEOJ8MrQASTI
14,999感冒灵颗粒10g*9袋,13.9,cloud://huanjing1-4gxaab48492dde9e.6875-huanjing1-4gxaab48492dde9e-1305410126/商品图片/14.jpg,20,,,,,,,,,10,感冒,热门类目,a,1,0,ovbCA5URXmTiG0K9rEOJ8MrQASTI
15,白云山板蓝根颗粒10g*20袋,17.5,cloud://huanjing1-4gxaab48492dde9e.6875-huanjing1-4gxaab48492dde9e-1305410126/商品图片/15.jpg,21,,,,,,,,,10,感冒,热门类目,a,1,0,ovbCA5URXmTiG0K9rEOJ8MrQASTI
16,舍舒利迭沙美特罗替卡松吸入粉雾剂50ug:250ug*60泡,168,cloud://huanjing1-4gxaab48492dde9e.6875-huanjing1-4gxaab48492dde9e-1305410126/商品图片/16.jpg,93,,,,,,,,,11,哮喘,热门类目,a,1,0,ovbCA5URXmTiG0K9rEOJ8MrQASTI
17,药信蒲地蓝消炎片0.3g*12片*4板,8.9,cloud://huanjing1-4gxaab48492dde9e.6875-huanjing1-4gxaab48492dde9e-1305410126/商品图片/17.jpg,22,,,,,,,,,12,慢性咽炎,热门类目,a,1,0,ovbCA5URXmTiG0K9rEOJ8MrQASTI
18,丁桂/宝宝一贴灵丁桂儿脐贴1.6g*3贴,19.9,cloud://huanjing1-4gxaab48492dde9e.6875-huanjing1-4gxaab48492dde9e-1305410126/商品图片/18.jpg,34,,,,,,,,,13,宝宝腹泻,热门类目,a,1,0,ovbCA5URXmTiG0K9rEOJ8MrQASTI
19,蜀中藿香正气水10ml*10支,5.5,cloud://huanjing1-4gxaab48492dde9e.6875-huanjing1-4gxaab48492dde9e-1305410126/商品图片/19.jpg,4,,,,,,,,,14,急性肠炎,热门类目,a,1,0,ovbCA5URXmTiG0K9rEOJ8MrQASTI
20,力言卓地奈德乳膏0.05%*15g/支,19,cloud://huanjing1-4gxaab48492dde9e.6875-huanjing1-4gxaab48492dde9e-1305410126/商品图片/20.jpg,8,,,,,,,,,15,皮肤瘙痒,热门类目,a,1,0,ovbCA5URXmTiG0K9rEOJ8MrQASTI
21,可伊新复方芦荟胶囊0.43g*10粒*3板,19.9,cloud://huanjing1-4gxaab48492dde9e.6875-huanjing1-4gxaab48492dde9e-1305410126/商品图片/21.jpg,6,,,,,,,,,16,便秘,热门类目,a,1,0,ovbCA5URXmTiG0K9rEOJ8MrQASTI
22,松栖速效救心丸40mg*60丸*2瓶,39,cloud://huanjing1-4gxaab48492dde9e.6875-huanjing1-4gxaab48492dde9e-1305410126/商品图片/22.jpg,75,,,,,,,,,17,脑梗塞,热门类目,a,1,0,ovbCA5URXmTiG0K9rEOJ8MrQASTI
23,恒健维生素B6片10mg*100片,3.2,cloud://huanjing1-4gxaab48492dde9e.6875-huanjing1-4gxaab48492dde9e-1305410126/商品图片/23.jpg,5,,,,,,,,,18,口腔溃疡,热门类目,a,1,0,ovbCA5URXmTiG0K9rEOJ8MrQASTI
24,金戈枸栈酸西地那非片50mg*20片,319,cloud://huanjing1-4gxaab48492dde9e.6875-huanjing1-4gxaab48492dde9e-1305410126/商品图片/24.jpg,15,,,,,,,,,19,阳痿&早泄,男科用药,b,1,0,ovbCA5URXmTiG0K9rEOJ8MrQASTI
25,丽珠前列安栓2g*7粒,39,cloud://huanjing1-4gxaab48492dde9e.6875-huanjing1-4gxaab48492dde9e-1305410126/商品图片/25.jpg,3,,,,,,,,,20,前列腺炎,男科用药,b,1,0,ovbCA5URXmTiG0K9rEOJ8MrQASTI
26,太极五子衍宗丸120丸/瓶(浓缩丸),33,cloud://huanjing1-4gxaab48492dde9e.6875-huanjing1-4gxaab48492dde9e-1305410126/商品图片/26.jpg,55,,,,,,,,,21,男性不育症,男科用药,b,1,0,ovbCA5URXmTiG0K9rEOJ8MrQASTI
27,三金三金片0.29g*54片(薄膜衣片),22.9,cloud://huanjing1-4gxaab48492dde9e.6875-huanjing1-4gxaab48492dde9e-1305410126/商品图片/27.jpg,21,,,,,,,,,22,泌尿系统疾病,男科用药,b,1,0,ovbCA5URXmTiG0K9rEOJ8MrQASTI
28,九连山肾石通颗粒15g*10袋,5.9,cloud://huanjing1-4gxaab48492dde9e.6875-huanjing1-4gxaab48492dde9e-1305410126/商品图片/28.jpg,22,,,,,,,,,23,肾病,男科用药,b,1,0,ovbCA5URXmTiG0K9rEOJ8MrQASTI
29,同仁堂金匮肾气丸360粒/瓶(水蜜丸),14.5,cloud://huanjing1-4gxaab48492dde9e.6875-huanjing1-4gxaab48492dde9e-1305410126/商品图片/29.jpg,73,,,,,,,,,24,补肾,男科用药,b,1,0,ovbCA5URXmTiG0K9rEOJ8MrQASTI
30,红花牌养血生发胶囊0.5g*24粒*3板,16.5,cloud://huanjing1-4gxaab48492dde9e.6875-huanjing1-4gxaab48492dde9e-1305410126/商品图片/30.jpg,0,,,,,,,,,25,脱发,男科用药,b,1,0,ovbCA5URXmTiG0K9rEOJ8MrQASTI
31,邦坦替米沙坦片40mg*8片*3板,12,cloud://huanjing1-4gxaab48492dde9e.6875-huanjing1-4gxaab48492dde9e-1305410126/商品图片/31.jpg,55,,,,,,,,,26,高血压,心脑用药,c,1,0,ovbCA5URXmTiG0K9rEOJ8MrQASTI
32,松柜速效救心丸 40mg*60丸*2瓶,39,cloud://huanjing1-4gxaab48492dde9e.6875-huanjing1-4gxaab48492dde9e-1305410126/商品图片/32.jpg,55,,,,,,,,,27,冠心病,心脑用药,c,1,0,ovbCA5URXmTiG0K9rEOJ8MrQASTI
33,白云山脑络通胶囊0.5g*30粒,14,cloud://huanjing1-4gxaab48492dde9e.6875-huanjing1-4gxaab48492dde9e-1305410126/商品图片/33.jpg,93,,,,,,,,,28,脑血管病,心脑用药,c,1,0,ovbCA5URXmTiG0K9rEOJ8MrQASTI
34,力平之非诺贝特胶囊200mg*10粒,36.9,cloud://huanjing1-4gxaab48492dde9e.6875-huanjing1-4gxaab48492dde9e-1305410126/商品图片/34.jpg,27,,,,,,,,,29,高血脂,心脑用药,c,1,0,ovbCA5URXmTiG0K9rEOJ8MrQASTI
35,万爽力盐酸曲美他嗪片20mg*30片,35,cloud://huanjing1-4gxaab48492dde9e.6875-huanjing1-4gxaab48492dde9e-1305410126/商品图片/35.jpg,0,,,,,,,,,30,心绞痛,心脑用药,c,1,0,ovbCA5URXmTiG0K9rEOJ8MrQASTI
36,欧意腺苷钴胺片0.25mg*100片/瓶,10.5,cloud://huanjing1-4gxaab48492dde9e.6875-huanjing1-4gxaab48492dde9e-1305410126/商品图片/36.jpg,14,,,,,,,,,31,血液疾病,心脑用药,c,1,0,ovbCA5URXmTiG0K9rEOJ8MrQASTI
37,可兰特盐酸伊伐布雷定片5mg*14片,109,cloud://huanjing1-4gxaab48492dde9e.6875-huanjing1-4gxaab48492dde9e-1305410126/商品图片/37.jpg,99,,,,,,,,,32,心力衰竭,心脑用药,c,1,0,ovbCA5URXmTiG0K9rEOJ8MrQASTI
38,达士明羟苯磺酸钙胶囊0.5g*10粒*2板,18,cloud://huanjing1-4gxaab48492dde9e.6875-huanjing1-4gxaab48492dde9e-1305410126/商品图片/38.jpg,48,,,,,,,,,33,静脉曲张,心脑用药,c,1,0,ovbCA5URXmTiG0K9rEOJ8MrQASTI
39,喜安林盐酸索他洛尔片80mg*20片,17.5,cloud://huanjing1-4gxaab48492dde9e.6875-huanjing1-4gxaab48492dde9e-1305410126/商品图片/39.jpg,14,,,,,,,,,34,心律失常,心脑用药,c,1,0,ovbCA5URXmTiG0K9rEOJ8MrQASTI
40,凯那贝前列素钠片20ug*10片,34,cloud://huanjing1-4gxaab48492dde9e.6875-huanjing1-4gxaab48492dde9e-1305410126/商品图片/40.jpg,16,,,,,,,,,35,动脉疾病,心脑用药,c,1,0,ovbCA5URXmTiG0K9rEOJ8MrQASTI
41,上海普康辅酶Q10胶囊10mg*60粒/瓶,15,cloud://huanjing1-4gxaab48492dde9e.6875-huanjing1-4gxaab48492dde9e-1305410126/商品图片/41.jpg,14,,,,,,,,,36,心肌炎,心脑用药,c,1,0,ovbCA5URXmTiG0K9rEOJ8MrQASTI
42,米维盐酸米多君片2.5mg*10片*2板,37,cloud://huanjing1-4gxaab48492dde9e.6875-huanjing1-4gxaab48492dde9e-1305410126/商品图片/42.jpg,83,,,,,,,,,37,低血压,心脑用药,c,1,0,ovbCA5URXmTiG0K9rEOJ8MrQASTI
43,,,,42,,,,,,,,,38,肺动脉高压,心脑用药,c,1,0,ovbCA5URXmTiG0K9rEOJ8MrQASTI
44,京丰 盐酸二甲双胍片 0.25g*48片,2.9,cloud://huanjing1-4gxaab48492dde9e.6875-huanjing1-4gxaab48492dde9e-1305410126/商品图片/44.jpg,96,,,,,,,,,39,糖尿病,内分泌用药,d,1,0,ovbCA5URXmTiG0K9rEOJ8MrQASTI
45,格华止盐酸二甲双胍片0.85g*30片,48,cloud://huanjing1-4gxaab48492dde9e.6875-huanjing1-4gxaab48492dde9e-1305410126/商品图片/45.jpg,32,,,,,,,,,40,甲状腺疾病,内分泌用药,d,1,0,ovbCA5URXmTiG0K9rEOJ8MrQASTI
46,丽珠医药罗红霉素片75mg*12片,6,cloud://huanjing1-4gxaab48492dde9e.6875-huanjing1-4gxaab48492dde9e-1305410126/商品图片/46.jpg,12,,,,,,,,,41,抗感染,内分泌用药,d,1,0,ovbCA5URXmTiG0K9rEOJ8MrQASTI
47,康弘舒肝解郁胶囊0.36g*28粒,47.5,cloud://huanjing1-4gxaab48492dde9e.6875-huanjing1-4gxaab48492dde9e-1305410126/商品图片/47.jpg,44,,,,,,,,,42,抑郁症,神经用药,e,1,0,ovbCA5URXmTiG0K9rEOJ8MrQASTI
48,曲莱奥卡西平片0.3g*50片,149.5,cloud://huanjing1-4gxaab48492dde9e.6875-huanjing1-4gxaab48492dde9e-1305410126/商品图片/48.jpg,29,,,,,,,,,43,癫痫,神经用药,e,1,0,ovbCA5URXmTiG0K9rEOJ8MrQASTI
49,中一牌檬石滚痰丸 6g*6袋,11.3,cloud://huanjing1-4gxaab48492dde9e.6875-huanjing1-4gxaab48492dde9e-1305410126/商品图片/49.jpg,50,,,,,,,,,44,精神分裂症,神经用药,e,1,0,ovbCA5URXmTiG0K9rEOJ8MrQASTI
50,森福罗盐酸普拉克索片0.25mg*30片,149,cloud://huanjing1-4gxaab48492dde9e.6875-huanjing1-4gxaab48492dde9e-1305410126/商品图片/50.jpg,90,,,,,,,,,45,帕金森,神经用药,e,1,0,ovbCA5URXmTiG0K9rEOJ8MrQASTI
51,易倍申盐酸美金刚片10mg*28片,236,cloud://huanjing1-4gxaab48492dde9e.6875-huanjing1-4gxaab48492dde9e-1305410126/商品图片/51.jpg,97,,,,,,,,,46,老年性痴杲,神经用药,e,1,0,ovbCA5URXmTiG0K9rEOJ8MrQASTI
52,同仁堂同仁大活络丸3.6g*6丸,48.5,cloud://huanjing1-4gxaab48492dde9e.6875-huanjing1-4gxaab48492dde9e-1305410126/商品图片/52.jpg,36,,,,,,,,,47,中风,神经用药,e,1,0,ovbCA5URXmTiG0K9rEOJ8MrQASTI
53,小葵花小儿智力糖浆10ml*10支,42,cloud://huanjing1-4gxaab48492dde9e.6875-huanjing1-4gxaab48492dde9e-1305410126/商品图片/53.jpg,2,,,,,,,,,48,多动症,神经用药,e,1,0,ovbCA5URXmTiG0K9rEOJ8MrQASTI
54,燕峰根痛平片0.3g*60片,11,cloud://huanjing1-4gxaab48492dde9e.6875-huanjing1-4gxaab48492dde9e-1305410126/商品图片/54.jpg,2,,,,,,,,,49,神经性疼痛,神经用药,e,1,0,ovbCA5URXmTiG0K9rEOJ8MrQASTI
55,青峰甲钴胺片0.5mg*12片*2板,5.5,cloud://huanjing1-4gxaab48492dde9e.6875-huanjing1-4gxaab48492dde9e-1305410126/商品图片/55.jpg,7,,,,,,,,,50,神经损伤,神经用药,e,1,0,ovbCA5URXmTiG0K9rEOJ8MrQASTI
56,佐力乌灵胶囊0.33g*9粒*4板,39,cloud://huanjing1-4gxaab48492dde9e.6875-huanjing1-4gxaab48492dde9e-1305410126/商品图片/56.jpg,46,,,,,,,,,51,失眠,神经用药,e,1,0,ovbCA5URXmTiG0K9rEOJ8MrQASTI
57,京益茶苯海明片25mg*20片,11.5,cloud://huanjing1-4gxaab48492dde9e.6875-huanjing1-4gxaab48492dde9e-1305410126/商品图片/57.jpg,65,,,,,,,,,52,头痛偏头痛,神经用药,e,1,0,ovbCA5URXmTiG0K9rEOJ8MrQASTI
58,凯莱通盐酸替扎尼定片2mg*12片*2板,69,cloud://huanjing1-4gxaab48492dde9e.6875-huanjing1-4gxaab48492dde9e-1305410126/商品图片/58.jpg,31,,,,,,,,,53,焦虑症,神经用药,e,1,0,ovbCA5URXmTiG0K9rEOJ8MrQASTI
59,玫卫九味镇心颗粒6g*10袋,45,cloud://huanjing1-4gxaab48492dde9e.6875-huanjing1-4gxaab48492dde9e-1305410126/商品图片/59.png,52,,,,,,,,,54,戒烟,神经用药,e,1,0,ovbCA5URXmTiG0K9rEOJ8MrQASTI
60,金口馨复方氯己定含漱液300ml,9.9,cloud://huanjing1-4gxaab48492dde9e.6875-huanjing1-4gxaab48492dde9e-1305410126/商品图片/60.jpg,17,,,,,,,,,55,神经衰弱,神经用药,e,1,0,ovbCA5URXmTiG0K9rEOJ8MrQASTI
61,康祺解郁丸4g*12袋,58,cloud://huanjing1-4gxaab48492dde9e.6875-huanjing1-4gxaab48492dde9e-1305410126/商品图片/61.jpg,46,,,,,,,,,56,周围神经病变,神经用药,e,1,0,ovbCA5URXmTiG0K9rEOJ8MrQASTI
62,上海上药溴吡斯的明片60mg*60片/瓶,96,cloud://huanjing1-4gxaab48492dde9e.6875-huanjing1-4gxaab48492dde9e-1305410126/商品图片/62.jpg,18,,,,,,,,,57,面瘫,神经用药,e,1,0,ovbCA5URXmTiG0K9rEOJ8MrQASTI
63,司贝尔天蚕片0.3g*12片*2板,12.6,cloud://huanjing1-4gxaab48492dde9e.6875-huanjing1-4gxaab48492dde9e-1305410126/商品图片/63.jpg,46,,,,,,,,,58,运动神经元病,神经用药,e,1,0,ovbCA5URXmTiG0K9rEOJ8MrQASTI
64,贝双定恩替卡韦分散片0.5mg*14片,18,cloud://huanjing1-4gxaab48492dde9e.6875-huanjing1-4gxaab48492dde9e-1305410126/商品图片/64.jpg,81,,,,,,,,,59,乙肝,肝胆用药,f,1,0,ovbCA5URXmTiG0K9rEOJ8MrQASTI
65,甘复生壳脂胶囊0.25g*30粒,32,cloud://huanjing1-4gxaab48492dde9e.6875-huanjing1-4gxaab48492dde9e-1305410126/商品图片/65.jpg,100,,,,,,,,,60,脂肪肝,肝胆用药,f,1,0,ovbCA5URXmTiG0K9rEOJ8MrQASTI
66,甘忻美他多辛片0.5g*8片,83,cloud://huanjing1-4gxaab48492dde9e.6875-huanjing1-4gxaab48492dde9e-1305410126/商品图片/66.jpg,63,,,,,,,,,61,酒精肝,肝胆用药,f,1,0,ovbCA5URXmTiG0K9rEOJ8MrQASTI
67,步长肝爽颗粒3g*9袋,42,cloud://huanjing1-4gxaab48492dde9e.6875-huanjing1-4gxaab48492dde9e-1305410126/商品图片/67.jpg,21,,,,,,,,,62,肝纤维化肝硬化,肝胆用药,f,1,0,ovbCA5URXmTiG0K9rEOJ8MrQASTI
68,瑞甘门冬氨酸鸟氨酸颗粒3g*10袋,49,cloud://huanjing1-4gxaab48492dde9e.6875-huanjing1-4gxaab48492dde9e-1305410126/商品图片/68.jpg,19,,,,,,,,,63,肝性脑病,肝胆用药,f,1,0,ovbCA5URXmTiG0K9rEOJ8MrQASTI
69,优思弗熊去氧胆酸胶囊250mg*25粒,223,cloud://huanjing1-4gxaab48492dde9e.6875-huanjing1-4gxaab48492dde9e-1305410126/商品图片/69.jpg,21,,,,,,,,,64,胆结石,肝胆用药,f,1,0,ovbCA5URXmTiG0K9rEOJ8MrQASTI
70,罗浮山国药消炎利胆片0.25g*100片,8,cloud://huanjing1-4gxaab48492dde9e.6875-huanjing1-4gxaab48492dde9e-1305410126/商品图片/70.jpg,44,,,,,,,,,65,胆道疾病,肝胆用药,f,1,0,ovbCA5URXmTiG0K9rEOJ8MrQASTI
71,仁济堂龙胆泻肝丸200粒/瓶,9,cloud://huanjing1-4gxaab48492dde9e.6875-huanjing1-4gxaab48492dde9e-1305410126/商品图片/71.jpg,41,,,,,,,,,66,保肝护肝,肝胆用药,f,1,0,ovbCA5URXmTiG0K9rEOJ8MrQASTI
72,金花转移因子口服溶液10ml*6支,8.8,cloud://huanjing1-4gxaab48492dde9e.6875-huanjing1-4gxaab48492dde9e-1305410126/商品图片/72.jpg,32,,,,,,,,,67,免疫调节,肝胆用药,f,1,0,ovbCA5URXmTiG0K9rEOJ8MrQASTI
73,999感冒灵颗粒10g*9袋,13.9,cloud://huanjing1-4gxaab48492dde9e.6875-huanjing1-4gxaab48492dde9e-1305410126/商品图片/73.jpg,50,,,,,,,,,68,感冒发烧,呼吸道用药,g,1,0,ovbCA5URXmTiG0K9rEOJ8MrQASTI
74,白云山咳特灵片100片,9.9,cloud://huanjing1-4gxaab48492dde9e.6875-huanjing1-4gxaab48492dde9e-1305410126/商品图片/74.jpg,19,,,,,,,,,69,咳嗽,呼吸道用药,g,1,0,ovbCA5URXmTiG0K9rEOJ8MrQASTI
75,今辰黄连上清片24片*2板,7.3,cloud://huanjing1-4gxaab48492dde9e.6875-huanjing1-4gxaab48492dde9e-1305410126/商品图片/75.jpg,19,,,,,,,,,70,上火,呼吸道用药,g,1,0,ovbCA5URXmTiG0K9rEOJ8MrQASTI
76,美林布洛芬混悬液100ml:2g/瓶,38,cloud://huanjing1-4gxaab48492dde9e.6875-huanjing1-4gxaab48492dde9e-1305410126/商品图片/76.jpg,20,,,,,,,,,71,小儿感冒,呼吸道用药,g,1,0,ovbCA5URXmTiG0K9rEOJ8MrQASTI
77,舒利迭沙美特罗替卡松吸入粉雾剂,260,cloud://huanjing1-4gxaab48492dde9e.6875-huanjing1-4gxaab48492dde9e-1305410126/商品图片/77.jpg,22,,,,,,,,,72,哮喘,呼吸道用药,g,1,0,ovbCA5URXmTiG0K9rEOJ8MrQASTI
78,易坦静氨溴特罗口服溶液120m1/瓶,32,cloud://huanjing1-4gxaab48492dde9e.6875-huanjing1-4gxaab48492dde9e-1305410126/商品图片/78.jpg,40,,,,,,,,,73,支气管炎,呼吸道用药,g,1,0,ovbCA5URXmTiG0K9rEOJ8MrQASTI
79,富露施乙酰半胱氨酸泡腾片0.6g*2片*2板,21.5,cloud://huanjing1-4gxaab48492dde9e.6875-huanjing1-4gxaab48492dde9e-1305410126/商品图片/79.jpg,18,,,,,,,,,74,慢性阻塞性肺疾病,呼吸道用药,g,1,0,ovbCA5URXmTiG0K9rEOJ8MrQASTI
80,派瑞松曲安奈德益康唑乳膏15g,23,cloud://huanjing1-4gxaab48492dde9e.6875-huanjing1-4gxaab48492dde9e-1305410126/商品图片/80.jpg,68,,,,,,,,,75,皮炎/湿疹/脚气,皮肤用药,h,1,0,ovbCA5URXmTiG0K9rEOJ8MrQASTI
81,班赛过氧苯甲酰凝胶5%*15g,23.5,cloud://huanjing1-4gxaab48492dde9e.6875-huanjing1-4gxaab48492dde9e-1305410126/商品图片/81.jpg,0,,,,,,,,,76,座疮(青春痘),皮肤用药,h,1,0,ovbCA5URXmTiG0K9rEOJ8MrQASTI
82,龙虎清凉油3g/盒,4.5,cloud://huanjing1-4gxaab48492dde9e.6875-huanjing1-4gxaab48492dde9e-1305410126/商品图片/82.jpg,87,,,,,,,,,77,蚊虫叮咬,皮肤用药,h,1,0,ovbCA5URXmTiG0K9rEOJ8MrQASTI
83,奇乐消风止痒颗粒15g*8袋,12,cloud://huanjing1-4gxaab48492dde9e.6875-huanjing1-4gxaab48492dde9e-1305410126/商品图片/83.jpg,63,,,,,,,,,78,荨麻疹,皮肤用药,h,1,0,ovbCA5URXmTiG0K9rEOJ8MrQASTI
84,国华天麻首乌片100片(糖衣片),15,cloud://huanjing1-4gxaab48492dde9e.6875-huanjing1-4gxaab48492dde9e-1305410126/商品图片/84.jpg,15,,,,,,,,,79,脱发,皮肤用药,h,1,0,ovbCA5URXmTiG0K9rEOJ8MrQASTI
85,仙唐马来酸氯苯那敏片4mg*100片,14,cloud://huanjing1-4gxaab48492dde9e.6875-huanjing1-4gxaab48492dde9e-1305410126/商品图片/85.jpg,28,,,,,,,,,80,过敏,皮肤用药,h,1,0,ovbCA5URXmTiG0K9rEOJ8MrQASTI
86,迪银复方氨肽素片120片/瓶(薄膜衣片),45,cloud://huanjing1-4gxaab48492dde9e.6875-huanjing1-4gxaab48492dde9e-1305410126/商品图片/86.jpg,0,,,,,,,,,81,银屑病(牛皮癣),皮肤用药,h,1,0,ovbCA5URXmTiG0K9rEOJ8MrQASTI
87,同方药业复方利多卡因乳膏10g/支,52,cloud://huanjing1-4gxaab48492dde9e.6875-huanjing1-4gxaab48492dde9e-1305410126/商品图片/87.jpg,73,,,,,,,,,82,疤痕(瘢痕),皮肤用药,h,1,0,ovbCA5URXmTiG0K9rEOJ8MrQASTI
88,红花牌白癜风胶囊0.45g*48粒/瓶,16,cloud://huanjing1-4gxaab48492dde9e.6875-huanjing1-4gxaab48492dde9e-1305410126/商品图片/88.jpg,33,,,,,,,,,83,白癜风,皮肤用药,h,1,0,ovbCA5URXmTiG0K9rEOJ8MrQASTI
89,罗每乐盐酸阿莫罗芬搽剂5%*2.5ml/瓶,275,cloud://huanjing1-4gxaab48492dde9e.6875-huanjing1-4gxaab48492dde9e-1305410126/商品图片/89.jpg,6,,,,,,,,,84,灰指甲,皮肤用药,h,1,0,ovbCA5URXmTiG0K9rEOJ8MrQASTI
90,京万红京万红软膏20g/支,28,cloud://huanjing1-4gxaab48492dde9e.6875-huanjing1-4gxaab48492dde9e-1305410126/商品图片/90.jpg,9,,,,,,,,,85,烧烫创伤,皮肤用药,h,1,0,ovbCA5URXmTiG0K9rEOJ8MrQASTI
91,福元阿昔洛韦乳膏10g,1.2,cloud://huanjing1-4gxaab48492dde9e.6875-huanjing1-4gxaab48492dde9e-1305410126/商品图片/91.jpg,13,,,,,,,,,86,疱疹,皮肤用药,h,1,0,ovbCA5URXmTiG0K9rEOJ8MrQASTI
92,千白氢醒乳膏20g:0.4g/支,208,cloud://huanjing1-4gxaab48492dde9e.6875-huanjing1-4gxaab48492dde9e-1305410126/商品图片/92.jpg,48,,,,,,,,,87,黄褐斑,皮肤用药,h,1,0,ovbCA5URXmTiG0K9rEOJ8MrQASTI
93,丽科杰咪喹莫特乳膏3g:150mg,79,cloud://huanjing1-4gxaab48492dde9e.6875-huanjing1-4gxaab48492dde9e-1305410126/商品图片/93.jpg,6,,,,,,,,,88,尖锐湿疣,皮肤用药,h,1,0,ovbCA5URXmTiG0K9rEOJ8MrQASTI
94,太斗拉米夫定替诺福韦片30片,720,cloud://huanjing1-4gxaab48492dde9e.6875-huanjing1-4gxaab48492dde9e-1305410126/商品图片/94.jpg,100,,,,,,,,,89,艾滋病,皮肤用药,h,1,0,ovbCA5URXmTiG0K9rEOJ8MrQASTI
95,浙南薄芝片0.16g*12片*2板,13.5,cloud://huanjing1-4gxaab48492dde9e.6875-huanjing1-4gxaab48492dde9e-1305410126/商品图片/95.jpg,61,,,,,,,,,90,系统性红斑狼疮,皮肤用药,h,1,0,ovbCA5URXmTiG0K9rEOJ8MrQASTI
100,莫比可美洛昔康片7.5mg*7片,4,cloud://huanjing1-4gxaab48492dde9e.6875-huanjing1-4gxaab48492dde9e-1305410126/商品图片/100.jpg,38,,,,,,,,,91,风湿类风湿,风湿骨科用药,i,1,0,ovbCA5URXmTiG0K9rEOJ8MrQASTI
101,安康信依托考昔片60mg*5片,31,cloud://huanjing1-4gxaab48492dde9e.6875-huanjing1-4gxaab48492dde9e-1305410126/商品图片/101.jpg,68,,,,,,,,,92,痛风,风湿骨科用药,i,1,0,ovbCA5URXmTiG0K9rEOJ8MrQASTI
102,星鲨D维生素D滴剂400U*36粒,27,cloud://huanjing1-4gxaab48492dde9e.6875-huanjing1-4gxaab48492dde9e-1305410126/商品图片/102.jpg,0,,,,,,,,,93,骨质疏松,风湿骨科用药,i,1,0,ovbCA5URXmTiG0K9rEOJ8MrQASTI
103,得百安氟比洛芬凝胶贴膏40mg*6贴,55,cloud://huanjing1-4gxaab48492dde9e.6875-huanjing1-4gxaab48492dde9e-1305410126/商品图片/103.jpg,76,,,,,,,,,94,关节炎,风湿骨科用药,i,1,0,ovbCA5URXmTiG0K9rEOJ8MrQASTI
104,明仁颈痛颗粒4g*12袋,45,cloud://huanjing1-4gxaab48492dde9e.6875-huanjing1-4gxaab48492dde9e-1305410126/商品图片/104.jpg,38,,,,,,,,,95,颈椎病,风湿骨科用药,i,1,0,ovbCA5URXmTiG0K9rEOJ8MrQASTI
105,新光伸筋丹胶囊0.15g*60粒,6.9,cloud://huanjing1-4gxaab48492dde9e.6875-huanjing1-4gxaab48492dde9e-1305410126/商品图片/105.jpg,43,,,,,,,,,96,脊椎炎,风湿骨科用药,i,1,0,ovbCA5URXmTiG0K9rEOJ8MrQASTI
106,白云山/隙李湾舒筋健腰丸45g*10瓶,998,cloud://huanjing1-4gxaab48492dde9e.6875-huanjing1-4gxaab48492dde9e-1305410126/商品图片/106.jpg,85,,,,,,,,,97,腰椎病,风湿骨科用药,i,1,0,ovbCA5URXmTiG0K9rEOJ8MrQASTI
107,克雷斯恒古骨伤愈合剂25ml,492,cloud://huanjing1-4gxaab48492dde9e.6875-huanjing1-4gxaab48492dde9e-1305410126/商品图片/107.jpg,85,,,,,,,,,98,股骨头坏死,风湿骨科用药,i,1,0,ovbCA5URXmTiG0K9rEOJ8MrQASTI
108,珍芝堂骨刺消痛胶囊0.3g*12粒*3板,6.6,cloud://huanjing1-4gxaab48492dde9e.6875-huanjing1-4gxaab48492dde9e-1305410126/商品图片/108.jpg,88,,,,,,,,,99,骨质增生/骨刺,风湿骨科用药,i,1,0,ovbCA5URXmTiG0K9rEOJ8MrQASTI
109,莫愁活血止痛胶囊0.25g*10粒*3板,6.6,cloud://huanjing1-4gxaab48492dde9e.6875-huanjing1-4gxaab48492dde9e-1305410126/商品图片/109.jpg,13,,,,,,,,,100,跌打骨伤,风湿骨科用药,i,1,0,ovbCA5URXmTiG0K9rEOJ8MrQASTI
110,,,,90,,,,,,,,,101,强直性脊柱炎,风湿骨科用药,i,1,0,ovbCA5URXmTiG0K9rEOJ8MrQASTI
111,岭南万应薄荷活络膏18g/瓶,15,cloud://huanjing1-4gxaab48492dde9e.6875-huanjing1-4gxaab48492dde9e-1305410126/商品图片/111.jpg,51,,,,,,,,,102,疼痛用药,风湿骨科用药,i,1,0,ovbCA5URXmTiG0K9rEOJ8MrQASTI
112,白云山消炎镇痛膏7cm*10cm*5贝贴*2袋,8.8,cloud://huanjing1-4gxaab48492dde9e.6875-huanjing1-4gxaab48492dde9e-1305410126/商品图片/112.jpg,38,,,,,,,,,103,外用贴膏,风湿骨科用药,i,1,0,ovbCA5URXmTiG0K9rEOJ8MrQASTI
113,,,,96,,,,,,,,,104,器官移植,风湿骨科用药,i,1,0,ovbCA5URXmTiG0K9rEOJ8MrQASTI
114,同仁堂金匮肾气丸 360粒/瓶(水蜜丸),14.5,cloud://huanjing1-4gxaab48492dde9e.6875-huanjing1-4gxaab48492dde9e-1305410126/商品图片/114.jpg,72,,,,,,,,,105,补肾,滋补调养用药,j,1,0,ovbCA5URXmTiG0K9rEOJ8MrQASTI
115,孔孟参苓白术丸 6g*10袋,11.9,cloud://huanjing1-4gxaab48492dde9e.6875-huanjing1-4gxaab48492dde9e-1305410126/商品图片/115.jpg,89,,,,,,,,,106,补血补气,滋补调养用药,j,1,0,ovbCA5URXmTiG0K9rEOJ8MrQASTI
116,艾丽奥利司他胶囊0.12g*7粒*3板,46.9,cloud://huanjing1-4gxaab48492dde9e.6875-huanjing1-4gxaab48492dde9e-1305410126/商品图片/116.jpg,66,,,,,,,,,107,减肥瘦身,滋补调养用药,j,1,0,ovbCA5URXmTiG0K9rEOJ8MrQASTI
117,老方平眩胶囊0.5g*10粒*2板,27.5,cloud://huanjing1-4gxaab48492dde9e.6875-huanjing1-4gxaab48492dde9e-1305410126/商品图片/117.jpg,77,,,,,,,,,108,增强抵抗力,滋补调养用药,j,1,0,ovbCA5URXmTiG0K9rEOJ8MrQASTI
118,白云山安神补脑液10ml*10支,16.6,cloud://huanjing1-4gxaab48492dde9e.6875-huanjing1-4gxaab48492dde9e-1305410126/商品图片/118.jpg,72,,,,,,,,,109,安神助眠,滋补调养用药,j,1,0,ovbCA5URXmTiG0K9rEOJ8MrQASTI
119,孔孟参苓白术丸 6g*10袋,11.9,cloud://huanjing1-4gxaab48492dde9e.6875-huanjing1-4gxaab48492dde9e-1305410126/商品图片/119.jpg,80,,,,,,,,,110,贫血,滋补调养用药,j,1,0,ovbCA5URXmTiG0K9rEOJ8MrQASTI
120,吗丁啉多潘立酮片(OTC) 10mg*42片,6.8,cloud://huanjing1-4gxaab48492dde9e.6875-huanjing1-4gxaab48492dde9e-1305410126/商品图片/120.jpg,49,,,,,,,,,111,消化不良,消化道用药,k,1,0,ovbCA5URXmTiG0K9rEOJ8MrQASTI
121,奥克奥美拉唑肠溶胶囊20mg*14粒,35,cloud://huanjing1-4gxaab48492dde9e.6875-huanjing1-4gxaab48492dde9e-1305410126/商品图片/121.jpg,94,,,,,,,,,112,胃肠溃疡,消化道用药,k,1,0,ovbCA5URXmTiG0K9rEOJ8MrQASTI
122,葵花胃康灵胶囊0.4g*12粒*2板,15,cloud://huanjing1-4gxaab48492dde9e.6875-huanjing1-4gxaab48492dde9e-1305410126/商品图片/122.jpg,86,,,,,,,,,113,胃炎,消化道用药,k,1,0,ovbCA5URXmTiG0K9rEOJ8MrQASTI
123,丁桂/宝宝一贴灵丁桂儿脐贴1.6g*2贴,16.9,cloud://huanjing1-4gxaab48492dde9e.6875-huanjing1-4gxaab48492dde9e-1305410126/商品图片/123.jpg,68,,,,,,,,,114,小儿肠胃病,消化道用药,k,1,0,ovbCA5URXmTiG0K9rEOJ8MrQASTI
124,蜀中藿香正气水10ml*10支,5.5,cloud://huanjing1-4gxaab48492dde9e.6875-huanjing1-4gxaab48492dde9e-1305410126/商品图片/124.jpg,37,,,,,,,,,115,腹泻,消化道用药,k,1,0,ovbCA5URXmTiG0K9rEOJ8MrQASTI
125,可伊新复方芦荟胶囊0.43g*10粒*3板,19.9,cloud://huanjing1-4gxaab48492dde9e.6875-huanjing1-4gxaab48492dde9e-1305410126/商品图片/125.jpg,46,,,,,,,,,116,便秘,消化道用药,k,1,0,ovbCA5URXmTiG0K9rEOJ8MrQASTI
126,马应龙麝香痔疮栓1.5g*18粒,25,cloud://huanjing1-4gxaab48492dde9e.6875-huanjing1-4gxaab48492dde9e-1305410126/商品图片/126.jpg,56,,,,,,,,,117,痔疮,消化道用药,k,1,0,ovbCA5URXmTiG0K9rEOJ8MrQASTI
127,艾迪莎美沙拉秦缓释颗粒0.5g*10袋,50,cloud://huanjing1-4gxaab48492dde9e.6875-huanjing1-4gxaab48492dde9e-1305410126/商品图片/127.jpg,72,,,,,,,,,118,结肠炎,消化道用药,k,1,0,ovbCA5URXmTiG0K9rEOJ8MrQASTI
128,瑞素肠内营养乳剂(TP) 500ml,35,cloud://huanjing1-4gxaab48492dde9e.6875-huanjing1-4gxaab48492dde9e-1305410126/商品图片/128.jpg,85,,,,,,,,,119,肠道营养,消化道用药,k,1,0,ovbCA5URXmTiG0K9rEOJ8MrQASTI
129,德辉磷酸哌嗪宝塔糖0.2g*20粒,15,cloud://huanjing1-4gxaab48492dde9e.6875-huanjing1-4gxaab48492dde9e-1305410126/商品图片/129.jpg,96,,,,,,,,,120,蛔虫病,消化道用药,k,1,0,ovbCA5URXmTiG0K9rEOJ8MrQASTI
130,开思亭依巴斯汀片10mg*10片,31,cloud://huanjing1-4gxaab48492dde9e.6875-huanjing1-4gxaab48492dde9e-1305410126/商品图片/130.jpg,64,,,,,,,,,121,鼻炎,五官用药,l,1,0,ovbCA5URXmTiG0K9rEOJ8MrQASTI
131,卡林优吡诺克辛滴眼液5ml:0.25mg/支,10,cloud://huanjing1-4gxaab48492dde9e.6875-huanjing1-4gxaab48492dde9e-1305410126/商品图片/131.jpg,67,,,,,,,,,122,白内障,五官用药,l,1,0,ovbCA5URXmTiG0K9rEOJ8MrQASTI
132,美开朗盐酸卡替洛尔滴眼液5ml:100mg/瓶,20,cloud://huanjing1-4gxaab48492dde9e.6875-huanjing1-4gxaab48492dde9e-1305410126/商品图片/132.jpg,24,,,,,,,,,123,青光眼,五官用药,l,1,0,ovbCA5URXmTiG0K9rEOJ8MrQASTI
133,药信蒲地蓝消炎片0.3g*12片*4板,9,cloud://huanjing1-4gxaab48492dde9e.6875-huanjing1-4gxaab48492dde9e-1305410126/商品图片/133.jpg,98,,,,,,,,,124,咽喉炎,五官用药,l,1,0,ovbCA5URXmTiG0K9rEOJ8MrQASTI
134,托百士妥布霉素滴眼液0.3%*5ml/支,17,cloud://huanjing1-4gxaab48492dde9e.6875-huanjing1-4gxaab48492dde9e-1305410126/商品图片/134.jpg,18,,,,,,,,,125,眼部炎症,五官用药,l,1,0,ovbCA5URXmTiG0K9rEOJ8MrQASTI
135,华素片西地碘含片1.5mg*15片*2板,15,cloud://huanjing1-4gxaab48492dde9e.6875-huanjing1-4gxaab48492dde9e-1305410126/商品图片/135.jpg,63,,,,,,,,,126,口腔溃疡,五官用药,l,1,0,ovbCA5URXmTiG0K9rEOJ8MrQASTI
136,苏春珍珠明目滴眼液8ml/支,2.5,cloud://huanjing1-4gxaab48492dde9e.6875-huanjing1-4gxaab48492dde9e-1305410126/商品图片/136.jpg,9,,,,,,,,,127,眼干眼涩,五官用药,l,1,0,ovbCA5URXmTiG0K9rEOJ8MrQASTI
137,适丽顺卵磷脂络合碘胶囊0.1mg*30粒,50,cloud://huanjing1-4gxaab48492dde9e.6875-huanjing1-4gxaab48492dde9e-1305410126/商品图片/137.jpg,82,,,,,,,,,128,近视弱视,五官用药,l,1,0,ovbCA5URXmTiG0K9rEOJ8MrQASTI
138,雅皓丁硼乳膏65g/支,8.5,cloud://huanjing1-4gxaab48492dde9e.6875-huanjing1-4gxaab48492dde9e-1305410126/商品图片/138.png,6,,,,,,,,,129,耳聋耳鸣,五官用药,l,1,0,ovbCA5URXmTiG0K9rEOJ8MrQASTI
139,众生复方血栓通胶囊0.5g*30粒,22.8,cloud://huanjing1-4gxaab48492dde9e.6875-huanjing1-4gxaab48492dde9e-1305410126/商品图片/139.jpg,17,,,,,,,,,130,眩晕,五官用药,l,1,0,ovbCA5URXmTiG0K9rEOJ8MrQASTI
140,佛慈耳聋左慈丸(浓缩丸)200丸/瓶,14,cloud://huanjing1-4gxaab48492dde9e.6875-huanjing1-4gxaab48492dde9e-1305410126/商品图片/140.jpg,44,,,,,,,,,131,眼部麻醉,五官用药,l,1,0,ovbCA5URXmTiG0K9rEOJ8MrQASTI
141,,,,28,,,,,,,,,132,视网膜病变,五官用药,l,1,0,ovbCA5URXmTiG0K9rEOJ8MrQASTI
142,瑞珠牛磺酸滴眼液0.4ml:0.02g*10支,27,cloud://huanjing1-4gxaab48492dde9e.6875-huanjing1-4gxaab48492dde9e-1305410126/商品图片/142.jpg,70,,,,,,,,,133,牙周病痛,五官用药,l,1,0,ovbCA5URXmTiG0K9rEOJ8MrQASTI
143,优思明屈螺酮炔雌醇片21片,103,cloud://huanjing1-4gxaab48492dde9e.6875-huanjing1-4gxaab48492dde9e-1305410126/商品图片/143.jpg,7,,,,,,,,,134,避孕,妇科用药,m,1,0,ovbCA5URXmTiG0K9rEOJ8MrQASTI
144,白云山克霉唑栓150mg*10枚,9,cloud://huanjing1-4gxaab48492dde9e.6875-huanjing1-4gxaab48492dde9e-1305410126/商品图片/144.jpg,55,,,,,,,,,135,阴道炎,妇科用药,m,1,0,ovbCA5URXmTiG0K9rEOJ8MrQASTI
145,同仁堂同仁乌鸡白凤丸36g/瓶,9,cloud://huanjing1-4gxaab48492dde9e.6875-huanjing1-4gxaab48492dde9e-1305410126/商品图片/145.jpg,0,,,,,,,,,136,月经不调,妇科用药,m,1,0,ovbCA5URXmTiG0K9rEOJ8MrQASTI
146,海王/金象丹栀逍遥丸6g*10袋,12,cloud://huanjing1-4gxaab48492dde9e.6875-huanjing1-4gxaab48492dde9e-1305410126/商品图片/146.jpg,36,,,,,,,,,137,白带异常,妇科用药,m,1,0,ovbCA5URXmTiG0K9rEOJ8MrQASTI
147,千金妇科千金片18片*6板,35,cloud://huanjing1-4gxaab48492dde9e.6875-huanjing1-4gxaab48492dde9e-1305410126/商品图片/147.jpg,68,,,,,,,,,138,盆腔炎,妇科用药,m,1,0,ovbCA5URXmTiG0K9rEOJ8MrQASTI
148,益宝疗聚甲酚磺醛栓90mg*4枚*2板,16,cloud://huanjing1-4gxaab48492dde9e.6875-huanjing1-4gxaab48492dde9e-1305410126/商品图片/148.jpg,24,,,,,,,,,139,宫颈炎,妇科用药,m,1,0,ovbCA5URXmTiG0K9rEOJ8MrQASTI
149,仲景浓缩当归丸200丸/瓶,18,cloud://huanjing1-4gxaab48492dde9e.6875-huanjing1-4gxaab48492dde9e-1305410126/商品图片/149.jpg,23,,,,,,,,,140,痛经,妇科用药,m,1,0,ovbCA5URXmTiG0K9rEOJ8MrQASTI
150,立效桂枝茯苓丸4g*6袋(水蜜丸),6,cloud://huanjing1-4gxaab48492dde9e.6875-huanjing1-4gxaab48492dde9e-1305410126/商品图片/150.jpg,76,,,,,,,,,141,子宫疾病,妇科用药,m,1,0,ovbCA5URXmTiG0K9rEOJ8MrQASTI
151,好护士乳癖消片0.32g*100片(糖衣片),15,cloud://huanjing1-4gxaab48492dde9e.6875-huanjing1-4gxaab48492dde9e-1305410126/商品图片/151.jpg,68,,,,,,,,,142,乳腺疾病,妇科用药,m,1,0,ovbCA5URXmTiG0K9rEOJ8MrQASTI
152,东泰保胎灵胶囊0.5g*12粒*3板,13,cloud://huanjing1-4gxaab48492dde9e.6875-huanjing1-4gxaab48492dde9e-1305410126/商品图片/152.jpg,84,,,,,,,,,143,保胎促孕,妇科用药,m,1,0,ovbCA5URXmTiG0K9rEOJ8MrQASTI
153,同仁堂坤宝丸50丸*10袋,25,cloud://huanjing1-4gxaab48492dde9e.6875-huanjing1-4gxaab48492dde9e-1305410126/商品图片/153.jpg,47,,,,,,,,,144,更年期,妇科用药,m,1,0,ovbCA5URXmTiG0K9rEOJ8MrQASTI
154,春梦女宝胶囊0.3g*12粒,5,cloud://huanjing1-4gxaab48492dde9e.6875-huanjing1-4gxaab48492dde9e-1305410126/商品图片/154.jpg,11,,,,,,,,,145,产后用药,妇科用药,m,1,0,ovbCA5URXmTiG0K9rEOJ8MrQASTI
155,伊诺清肺散结丸 3g*6瓶,575,cloud://huanjing1-4gxaab48492dde9e.6875-huanjing1-4gxaab48492dde9e-1305410126/商品图片/155.jpg,4,,,,,,,,,146,肺癌,肿瘤用药,n,1,0,ovbCA5URXmTiG0K9rEOJ8MrQASTI
156,同安恒康阿魏化痞膏6g*4袋,102,cloud://huanjing1-4gxaab48492dde9e.6875-huanjing1-4gxaab48492dde9e-1305410126/商品图片/156.jpg,72,,,,,,,,,147,癌症止痛止呕,肿瘤用药,n,1,0,ovbCA5URXmTiG0K9rEOJ8MrQASTI
157,安素肠内营养粉剂(TP) 400g,65,cloud://huanjing1-4gxaab48492dde9e.6875-huanjing1-4gxaab48492dde9e-1305410126/商品图片/157.jpg,30,,,,,,,,,148,肝癌,肿瘤用药,n,1,0,ovbCA5URXmTiG0K9rEOJ8MrQASTI
158,方舟复方斑酪胶囊0.25g*60粒/瓶,31,cloud://huanjing1-4gxaab48492dde9e.6875-huanjing1-4gxaab48492dde9e-1305410126/商品图片/158.jpg,70,,,,,,,,,149,胃癌,肿瘤用药,n,1,0,ovbCA5URXmTiG0K9rEOJ8MrQASTI
159,正大制药平消胶囊0.23g*100粒/瓶,55,cloud://huanjing1-4gxaab48492dde9e.6875-huanjing1-4gxaab48492dde9e-1305410126/商品图片/159.jpg,52,,,,,,,,,150,白血病,肿瘤用药,n,1,0,ovbCA5URXmTiG0K9rEOJ8MrQASTI
160,金不换保泰松片0.1g*100片,8,cloud://huanjing1-4gxaab48492dde9e.6875-huanjing1-4gxaab48492dde9e-1305410126/商品图片/160.jpg,80,,,,,,,,,151,乳腺癌,肿瘤用药,n,1,0,ovbCA5URXmTiG0K9rEOJ8MrQASTI
161,九寨沟小金丸0.6g*6瓶*2板,39,cloud://huanjing1-4gxaab48492dde9e.6875-huanjing1-4gxaab48492dde9e-1305410126/商品图片/161.jpg,11,,,,,,,,,152,升白升血小板,肿瘤用药,n,1,0,ovbCA5URXmTiG0K9rEOJ8MrQASTI
162,郝其军升血小板胶囊0.45g*12粒*2板,48,cloud://huanjing1-4gxaab48492dde9e.6875-huanjing1-4gxaab48492dde9e-1305410126/商品图片/162.jpg,48,,,,,,,,,153,膀胱癌,肿瘤用药,n,1,0,ovbCA5URXmTiG0K9rEOJ8MrQASTI
163,,,,18,,,,,,,,,154,宫颈癌,肿瘤用药,n,1,0,ovbCA5URXmTiG0K9rEOJ8MrQASTI
164,独一味宫瘤宁胶囊0.3g*54粒/瓶,17,cloud://huanjing1-4gxaab48492dde9e.6875-huanjing1-4gxaab48492dde9e-1305410126/商品图片/164.jpg,53,,,,,,,,,155,淋巴癌,肿瘤用药,n,1,0,ovbCA5URXmTiG0K9rEOJ8MrQASTI
165,九芝堂小金丸0.6g*4瓶,12,cloud://huanjing1-4gxaab48492dde9e.6875-huanjing1-4gxaab48492dde9e-1305410126/商品图片/165.jpg,47,,,,,,,,,156,脑癌,肿瘤用药,n,1,0,ovbCA5URXmTiG0K9rEOJ8MrQASTI
166,,,,79,,,,,,,,,157,鼻咽癌,肿瘤用药,n,1,0,ovbCA5URXmTiG0K9rEOJ8MrQASTI
167,,,,99,,,,,,,,,158,甲状腺瘤,肿瘤用药,n,1,0,ovbCA5URXmTiG0K9rEOJ8MrQASTI
168,天赐堂五海瘦瘤丸9g*8丸,12,cloud://huanjing1-4gxaab48492dde9e.6875-huanjing1-4gxaab48492dde9e-1305410126/商品图片/168.jpg,88,,,,,,,,,159,结直肠癌,肿瘤用药,n,1,0,ovbCA5URXmTiG0K9rEOJ8MrQASTI
169,同奥亚叶酸钙片15mg*30片,133,cloud://huanjing1-4gxaab48492dde9e.6875-huanjing1-4gxaab48492dde9e-1305410126/商品图片/169.jpg,75,,,,,,,,,160,前列腺癌,肿瘤用药,n,1,0,ovbCA5URXmTiG0K9rEOJ8MrQASTI
170,可胜西黄胶囊0.25g*8粒*3板,73,cloud://huanjing1-4gxaab48492dde9e.6875-huanjing1-4gxaab48492dde9e-1305410126/商品图片/170.jpg,60,,,,,,,,,161,食道癌,肿瘤用药,n,1,0,ovbCA5URXmTiG0K9rEOJ8MrQASTI
171,名扬药业康力欣胶囊0.5g*12粒*4板,199,cloud://huanjing1-4gxaab48492dde9e.6875-huanjing1-4gxaab48492dde9e-1305410126/商品图片/171.jpg,13,,,,,,,,,162,化疗提高营养,肿瘤用药,n,1,0,ovbCA5URXmTiG0K9rEOJ8MrQASTI
,,,,,,,,,,,,,163,钙片,医疗器械,p,1,0,ovbCA5URXmTiG0K9rEOJ8MrQASTI
,,,,,,,,,,,,,164,液体钙,医疗器械,p,,,ovbCA5URXmTiG0K9rEOJ8MrQASTI
,,,,,,,,,,,,,165,碳酸钙,医疗器械,p,,,ovbCA5URXmTiG0K9rEOJ8MrQASTI
,,,,,,,,,,,,,166,氨糖钙质,医疗器械,p,,,ovbCA5URXmTiG0K9rEOJ8MrQASTI
,,,,,,,,,,,,,167,矿物质,医疗器械,p,,,ovbCA5URXmTiG0K9rEOJ8MrQASTI
,,,,,,,,,,,,,168,维生素C,医疗器械,p,,,ovbCA5URXmTiG0K9rEOJ8MrQASTI
,,,,,,,,,,,,,169,维生素E,医疗器械,p,,,ovbCA5URXmTiG0K9rEOJ8MrQASTI
,,,,,,,,,,,,,170,维生素AD,医疗器械,p,,,ovbCA5URXmTiG0K9rEOJ8MrQASTI
,,,,,,,,,,,,,171,维生素B,医疗器械,p,,,ovbCA5URXmTiG0K9rEOJ8MrQASTI
,,,,,,,,,,,,,172,复合维生素,医疗器械,p,,,ovbCA5URXmTiG0K9rEOJ8MrQASTI
,,,,,,,,,,,,,173,锌,医疗器械,p,,,ovbCA5URXmTiG0K9rEOJ8MrQASTI
,,,,,,,,,,,,,174,铁,医疗器械,p,,,ovbCA5URXmTiG0K9rEOJ8MrQASTI
,,,,,,,,,,,,,175,硒,医疗器械,p,,,ovbCA5URXmTiG0K9rEOJ8MrQASTI
,,,,,,,,,,,,,176,叶酸,医疗器械,p,,,ovbCA5URXmTiG0K9rEOJ8MrQASTI
